{"cameraMode":{"drawMode":2,"name":"Shaded Wireframe","section":"Shading Mode"},"sceneLighting":false,"audioPlay":false,"sceneViewState":{"showFog":true,"showMaterialUpdate":true,"showSkybox":false,"showFlares":true,"showImageEffects":true,"showParticleSystems":true},"in2DMode":false,"pivot":{"x":-9.711858749389649,"y":-7.60791015625,"z":-33.312679290771487},"rotation":{"x":-0.6443365812301636,"y":-0.0544593520462513,"z":0.046085771173238757,"w":-0.7614076733589172},"size":100.02593231201172,"orthographic":false}