{"cameraMode":{"drawMode":2,"name":"Shaded Wireframe","section":"Shading Mode"},"sceneLighting":false,"audioPlay":false,"sceneViewState":{"showFog":true,"showMaterialUpdate":true,"showSkybox":false,"showFlares":true,"showImageEffects":true,"showParticleSystems":true},"in2DMode":false,"pivot":{"x":309.4685363769531,"y":-18.274520874023439,"z":118.47704315185547},"rotation":{"x":-0.06619717925786972,"y":0.0439860001206398,"z":-0.002919309539720416,"w":-0.9968379139900208},"size":168.26832580566407,"orthographic":false}