{"cameraMode":{"drawMode":2,"name":"Shaded Wireframe","section":"Shading Mode"},"sceneLighting":false,"audioPlay":false,"sceneViewState":{"showFog":true,"showMaterialUpdate":true,"showSkybox":false,"showFlares":true,"showImageEffects":true,"showParticleSystems":true},"in2DMode":false,"pivot":{"x":0.6947917938232422,"y":9.085506439208985,"z":11.820682525634766},"rotation":{"x":0.16413509845733643,"y":0.03757752478122711,"z":-0.006248782854527235,"w":0.9857142567634583},"size":8.521381378173829,"orthographic":false}