{"cameraMode":{"drawMode":2,"name":"Shaded Wireframe","section":"Shading Mode"},"sceneLighting":false,"audioPlay":false,"sceneViewState":{"showFog":true,"showMaterialUpdate":true,"showSkybox":false,"showFlares":true,"showImageEffects":true,"showParticleSystems":true},"in2DMode":false,"pivot":{"x":15.411672592163086,"y":-15.666770935058594,"z":3.570953369140625},"rotation":{"x":-0.3451187312602997,"y":-0.3472117483615875,"z":0.1392093151807785,"w":-0.8607916831970215},"size":56.390480041503909,"orthographic":false}