{"cameraMode":{"drawMode":2,"name":"Shaded Wireframe","section":"Shading Mode"},"sceneLighting":false,"audioPlay":false,"sceneViewState":{"showFog":true,"showMaterialUpdate":true,"showSkybox":false,"showFlares":true,"showImageEffects":true,"showParticleSystems":true},"in2DMode":false,"pivot":{"x":-5.700723648071289,"y":23.882617950439454,"z":-15.998519897460938},"rotation":{"x":-0.9602275490760803,"y":-0.036803532391786578,"z":0.15338796377182008,"w":-0.23039548099040986},"size":100.02593231201172,"orthographic":false}