{"cameraMode":{"drawMode":2,"name":"Shaded Wireframe","section":"Shading Mode"},"sceneLighting":true,"audioPlay":false,"sceneViewState":{"showFog":true,"showMaterialUpdate":true,"showSkybox":false,"showFlares":true,"showImageEffects":true,"showParticleSystems":true},"in2DMode":false,"pivot":{"x":4.276002883911133,"y":-17.436126708984376,"z":-20.69168472290039},"rotation":{"x":-0.5143163800239563,"y":-0.08665256202220917,"z":0.052332550287246707,"w":-0.8516056537628174},"size":100.02593231201172,"orthographic":false}