{"cameraMode":{"drawMode":2,"name":"Shaded Wireframe","section":"Shading Mode"},"sceneLighting":false,"audioPlay":false,"sceneViewState":{"showFog":true,"showMaterialUpdate":true,"showSkybox":false,"showFlares":true,"showImageEffects":true,"showParticleSystems":true},"in2DMode":false,"pivot":{"x":-57.71000289916992,"y":-66.93367004394531,"z":0.0},"rotation":{"x":0.013465870171785355,"y":0.07043559104204178,"z":-0.0009514284902252257,"w":0.9974276423454285},"size":10.111927032470704,"orthographic":false}