{"cameraMode":{"drawMode":2,"name":"Shaded Wireframe","section":"Shading Mode"},"sceneLighting":false,"audioPlay":false,"sceneViewState":{"showFog":true,"showMaterialUpdate":true,"showSkybox":false,"showFlares":true,"showImageEffects":true,"showParticleSystems":true},"in2DMode":false,"pivot":{"x":-1.502322793006897,"y":16.240591049194337,"z":2.98179030418396},"rotation":{"x":-0.14860349893569947,"y":0.172601118683815,"z":0.026353219524025918,"w":0.973365068435669},"size":10.402828216552735,"orthographic":false}