{"cameraMode":{"drawMode":2,"name":"Shaded Wireframe","section":"Shading Mode"},"sceneLighting":false,"audioPlay":false,"sceneViewState":{"showFog":true,"showMaterialUpdate":true,"showSkybox":false,"showFlares":true,"showImageEffects":true,"showParticleSystems":true},"in2DMode":false,"pivot":{"x":245.46923828125,"y":11.851705551147461,"z":0.2669147849082947},"rotation":{"x":0.14916926622390748,"y":0.05929075554013252,"z":-0.008960939943790436,"w":0.9869922399520874},"size":23.89446258544922,"orthographic":false}