{"cameraMode":{"drawMode":2,"name":"Shaded Wireframe","section":"Shading Mode"},"sceneLighting":false,"audioPlay":false,"sceneViewState":{"showFog":true,"showMaterialUpdate":true,"showSkybox":false,"showFlares":true,"showImageEffects":true,"showParticleSystems":true},"in2DMode":false,"pivot":{"x":-0.030071258544921876,"y":5.0,"z":0.026317596435546876},"rotation":{"x":-0.12874735891819,"y":0.05559966713190079,"z":-0.007229050621390343,"w":-0.9900949597358704},"size":108.54509735107422,"orthographic":false}