{"cameraMode":{"drawMode":2,"name":"Shaded Wireframe","section":"Shading Mode"},"sceneLighting":false,"audioPlay":false,"sceneViewState":{"showFog":true,"showMaterialUpdate":true,"showSkybox":false,"showFlares":true,"showImageEffects":true,"showParticleSystems":true},"in2DMode":false,"pivot":{"x":39.489925384521487,"y":69.93656158447266,"z":-121.7827377319336},"rotation":{"x":0.07936903089284897,"y":0.03438425064086914,"z":-0.0027393156196922065,"w":0.996248722076416},"size":106.9124984741211,"orthographic":false}