{"cameraMode":{"drawMode":2,"name":"Shaded Wireframe","section":"Shading Mode"},"sceneLighting":false,"audioPlay":false,"sceneViewState":{"showFog":true,"showMaterialUpdate":true,"showSkybox":false,"showFlares":true,"showImageEffects":true,"showParticleSystems":true},"in2DMode":false,"pivot":{"x":-8.394859313964844,"y":35.98945236206055,"z":-16.07817840576172},"rotation":{"x":-0.9622442126274109,"y":-0.037672948092222217,"z":0.19696365296840669,"w":-0.1840478628873825},"size":120.0311279296875,"orthographic":false}