{"cameraMode":{"drawMode":2,"name":"Shaded Wireframe","section":"Shading Mode"},"sceneLighting":false,"audioPlay":false,"sceneViewState":{"showFog":true,"showMaterialUpdate":true,"showSkybox":false,"showFlares":true,"showImageEffects":true,"showParticleSystems":true},"in2DMode":false,"pivot":{"x":-8.993152618408204,"y":16.114463806152345,"z":-29.382675170898439},"rotation":{"x":-0.8538340330123901,"y":-0.07368287444114685,"z":0.1259046047925949,"w":-0.49968743324279787},"size":100.02593231201172,"orthographic":false}