{"cameraMode":{"drawMode":2,"name":"Shaded Wireframe","section":"Shading Mode"},"sceneLighting":true,"audioPlay":false,"sceneViewState":{"showFog":true,"showMaterialUpdate":true,"showSkybox":false,"showFlares":true,"showImageEffects":true,"showParticleSystems":true},"in2DMode":false,"pivot":{"x":-8.228387832641602,"y":2.8269195556640627,"z":-27.152976989746095},"rotation":{"x":-0.6376274824142456,"y":-0.023794392123818399,"z":0.019710728898644449,"w":-0.7697256803512573},"size":100.02593231201172,"orthographic":false}