{"cameraMode":{"drawMode":2,"name":"Shaded Wireframe","section":"Shading Mode"},"sceneLighting":false,"audioPlay":false,"sceneViewState":{"showFog":true,"showMaterialUpdate":true,"showSkybox":false,"showFlares":true,"showImageEffects":true,"showParticleSystems":true},"in2DMode":false,"pivot":{"x":57.678733825683597,"y":-3.0162158012390138,"z":-0.6230852603912354},"rotation":{"x":0.14916926622390748,"y":0.05929075554013252,"z":-0.008960939943790436,"w":0.9869922399520874},"size":23.946533203125,"orthographic":false}