{"cameraMode":{"drawMode":2,"name":"Shaded Wireframe","section":"Shading Mode"},"sceneLighting":false,"audioPlay":false,"sceneViewState":{"showFog":true,"showMaterialUpdate":true,"showSkybox":false,"showFlares":true,"showImageEffects":true,"showParticleSystems":true},"in2DMode":false,"pivot":{"x":0.020547103136777879,"y":-11.3504056930542,"z":59.02339172363281},"rotation":{"x":0.1609945148229599,"y":-0.19548773765563966,"z":0.032551318407058719,"w":0.9668541550636292},"size":22.0,"orthographic":false}