{"cameraMode":{"drawMode":2,"name":"Shaded Wireframe","section":"Shading Mode"},"sceneLighting":false,"audioPlay":false,"sceneViewState":{"showFog":true,"showMaterialUpdate":true,"showSkybox":false,"showFlares":true,"showImageEffects":true,"showParticleSystems":true},"in2DMode":false,"pivot":{"x":0.2935311198234558,"y":9.08027458190918,"z":10.064316749572754},"rotation":{"x":0.035978227853775027,"y":-0.027876194566488267,"z":0.001002241624519229,"w":0.9989657402038574},"size":8.521381378173829,"orthographic":false}