{"cameraMode":{"drawMode":2,"name":"Shaded Wireframe","section":"Shading Mode"},"sceneLighting":false,"audioPlay":false,"sceneViewState":{"showFog":true,"showMaterialUpdate":true,"showSkybox":false,"showFlares":true,"showImageEffects":true,"showParticleSystems":true},"in2DMode":false,"pivot":{"x":227.1999969482422,"y":8.699999809265137,"z":0.7400000095367432},"rotation":{"x":0.11982762813568115,"y":0.26036110520362856,"z":-0.03258342668414116,"w":0.9574933052062988},"size":14.510496139526368,"orthographic":true}