{"cameraMode":{"drawMode":2,"name":"Shaded Wireframe","section":"Shading Mode"},"sceneLighting":false,"audioPlay":false,"sceneViewState":{"showFog":true,"showMaterialUpdate":true,"showSkybox":false,"showFlares":true,"showImageEffects":true,"showParticleSystems":true},"in2DMode":false,"pivot":{"x":-20.91108512878418,"y":-24.415502548217775,"z":-49.473045349121097},"rotation":{"x":-0.9253277778625488,"y":-0.06423868238925934,"z":0.18218737840652467,"w":-0.32626810669898989},"size":120.0311279296875,"orthographic":false}