{"cameraMode":{"drawMode":2,"name":"Shaded Wireframe","section":"Shading Mode"},"sceneLighting":false,"audioPlay":false,"sceneViewState":{"showFog":true,"showMaterialUpdate":true,"showSkybox":false,"showFlares":true,"showImageEffects":true,"showParticleSystems":true},"in2DMode":false,"pivot":{"x":300.0,"y":-0.008167266845703125,"z":-0.0000057220458984375},"rotation":{"x":-0.06619717925786972,"y":0.0439860001206398,"z":-0.002919309539720416,"w":-0.9968379139900208},"size":112.78092193603516,"orthographic":false}