{"cameraMode":{"drawMode":2,"name":"Shaded Wireframe","section":"Shading Mode"},"sceneLighting":false,"audioPlay":false,"sceneViewState":{"showFog":true,"showMaterialUpdate":true,"showSkybox":false,"showFlares":true,"showImageEffects":true,"showParticleSystems":true},"in2DMode":false,"pivot":{"x":-7.5019731521606449,"y":5.325599670410156,"z":-34.14894104003906},"rotation":{"x":-0.7616089582443237,"y":-0.09034912288188935,"z":0.10880578309297562,"w":-0.6324171423912048},"size":100.02593231201172,"orthographic":false}