{"cameraMode":{"drawMode":2,"name":"Shaded Wireframe","section":"Shading Mode"},"sceneLighting":false,"audioPlay":false,"sceneViewState":{"showFog":true,"showMaterialUpdate":true,"showSkybox":false,"showFlares":true,"showImageEffects":true,"showParticleSystems":true},"in2DMode":false,"pivot":{"x":234.5712127685547,"y":209.29180908203126,"z":236.17953491210938},"rotation":{"x":-0.06743174046278,"y":-0.022446829825639726,"z":-0.0015174694126471878,"w":0.9974707961082459},"size":721.0523071289063,"orthographic":false}