{"cameraMode":{"drawMode":2,"name":"Shaded Wireframe","section":"Shading Mode"},"sceneLighting":false,"audioPlay":false,"sceneViewState":{"showFog":true,"showMaterialUpdate":true,"showSkybox":false,"showFlares":true,"showImageEffects":true,"showParticleSystems":true},"in2DMode":false,"pivot":{"x":142.39999389648438,"y":-7.400000095367432,"z":1.1699998378753663},"rotation":{"x":-0.13086313009262086,"y":-0.12545646727085114,"z":0.016696933656930925,"w":-0.9832894206047058},"size":11.813740730285645,"orthographic":false}