{"cameraMode":{"drawMode":2,"name":"Shaded Wireframe","section":"Shading Mode"},"sceneLighting":false,"audioPlay":false,"sceneViewState":{"showFog":true,"showMaterialUpdate":true,"showSkybox":false,"showFlares":true,"showImageEffects":true,"showParticleSystems":true},"in2DMode":false,"pivot":{"x":-216.9197998046875,"y":-194.07562255859376,"z":5.55618143081665},"rotation":{"x":0.025497257709503175,"y":0.0029985529836267235,"z":-0.00007651936175534502,"w":0.9996790885925293},"size":12.027034759521485,"orthographic":false}