{"cameraMode":{"drawMode":2,"name":"Shaded Wireframe","section":"Shading Mode"},"sceneLighting":true,"audioPlay":false,"sceneViewState":{"showFog":true,"showMaterialUpdate":true,"showSkybox":false,"showFlares":true,"showImageEffects":true,"showParticleSystems":true},"in2DMode":false,"pivot":{"x":6.47926664352417,"y":-53.82902908325195,"z":25.54128646850586},"rotation":{"x":-0.40911048650741579,"y":-0.035028308629989627,"z":0.015718646347522737,"w":-0.9116774201393127},"size":123.8059310913086,"orthographic":false}