{"cameraMode":{"drawMode":2,"name":"Shaded Wireframe","section":"Shading Mode"},"sceneLighting":false,"audioPlay":false,"sceneViewState":{"showFog":true,"showMaterialUpdate":true,"showSkybox":false,"showFlares":true,"showImageEffects":true,"showParticleSystems":true},"in2DMode":false,"pivot":{"x":-57.14905548095703,"y":4.593834400177002,"z":0.0643162727355957},"rotation":{"x":0.014368782751262188,"y":-0.8599841594696045,"z":-0.024249393492937089,"w":-0.5095495581626892},"size":13.739009857177735,"orthographic":false}