{"cameraMode":{"drawMode":2,"name":"Shaded Wireframe","section":"Shading Mode"},"sceneLighting":false,"audioPlay":false,"sceneViewState":{"showFog":true,"showMaterialUpdate":true,"showSkybox":false,"showFlares":true,"showImageEffects":true,"showParticleSystems":true},"in2DMode":false,"pivot":{"x":0.527350664138794,"y":1.3379366397857667,"z":0.443744421005249},"rotation":{"x":0.1151454895734787,"y":-0.04110964015126228,"z":0.004778801463544369,"w":0.9924986362457275},"size":9.166313171386719,"orthographic":false}