{"cameraMode":{"drawMode":2,"name":"Shaded Wireframe","section":"Shading Mode"},"sceneLighting":false,"audioPlay":false,"sceneViewState":{"showFog":true,"showMaterialUpdate":true,"showSkybox":false,"showFlares":true,"showImageEffects":true,"showParticleSystems":true},"in2DMode":false,"pivot":{"x":179.60000610351563,"y":21.998929977416993,"z":0.4600001871585846},"rotation":{"x":0.14916926622390748,"y":0.05929075554013252,"z":-0.008960939943790436,"w":0.9869922399520874},"size":20.2213134765625,"orthographic":false}