{"cameraMode":{"drawMode":2,"name":"Shaded Wireframe","section":"Shading Mode"},"sceneLighting":false,"audioPlay":false,"sceneViewState":{"showFog":true,"showMaterialUpdate":true,"showSkybox":false,"showFlares":true,"showImageEffects":true,"showParticleSystems":true},"in2DMode":false,"pivot":{"x":2.8266589641571047,"y":-6.795339584350586,"z":-5.0966644287109379},"rotation":{"x":-0.36149269342422488,"y":-0.10401907563209534,"z":0.04062162712216377,"w":-0.9256640076637268},"size":28.37652587890625,"orthographic":false}