{"cameraMode":{"drawMode":2,"name":"Shaded Wireframe","section":"Shading Mode"},"sceneLighting":false,"audioPlay":false,"sceneViewState":{"showFog":true,"showMaterialUpdate":true,"showSkybox":false,"showFlares":true,"showImageEffects":true,"showParticleSystems":true},"in2DMode":false,"pivot":{"x":233.0,"y":205.00006103515626,"z":0.000005245208740234375},"rotation":{"x":0.17442969977855683,"y":0.3045599162578583,"z":-0.05683552846312523,"w":0.9346649050712586},"size":14.289420127868653,"orthographic":false}