{"cameraMode":{"drawMode":2,"name":"Shaded Wireframe","section":"Shading Mode"},"sceneLighting":false,"audioPlay":false,"sceneViewState":{"showFog":true,"showMaterialUpdate":true,"showSkybox":false,"showFlares":true,"showImageEffects":true,"showParticleSystems":true},"in2DMode":false,"pivot":{"x":-9.513313293457032,"y":26.525833129882814,"z":-26.281639099121095},"rotation":{"x":-0.9165601134300232,"y":-0.05776764824986458,"z":0.1435939371585846,"w":-0.3687312602996826},"size":120.0311279296875,"orthographic":false}